"Timestamp","Username","Nome Completo","Data de nascimento","RG - UF","CPF","Endereço","Cidade","Estado","Telefone","Endereço","Cidade","Estado","Telefone","Profissão","Área de Atuação","Instituição/Empresa:","Titulação (Graduação, Especialização, Mestrado, Doutorado) / Instituição:","Possui vinculo ativo com a UFBA? Qual?","O que te fez se interessar pelo curso?","Como ficou sabendo do Curso?","Possui Experiência com programas CAD (CAD, BIM, render …)? Quais?","Possui experiência com softwares de outras áreas ( desenho, fotografia, edição de som e vídeo, …)? Quais?","Possui experiência com linguagens, scripts ou ambientes de programação? Quais?"
"2019/05/02 10:15:04 AM GMT-3","heibe.santana@hotmail.com","Heibe Santana da Silva","2016-08-16","1323060340","03081255503","Rua Hélio de Oliveira Vianna, 84, Cabula VI","Salvador","Bahia","71992138047","","","","","Geógrafo","Geoprocessamento","Ufba","Doutorando","Sim:  Estudante Doutorado","A possibilidade de aprender lógica de programação aplicada ao Phyton.","Whatsapp","Não","ArcGis, Qgis...","Não"
"2019/05/02 11:08:15 AM GMT-3","viniciuspedro45@gmail.com","pedro vinicius maciel rabelo","1996-08-08","1198581425","07471975555","rua rodolpho coelho cavalcante 289","salvador","Bahia","71984287557","","","","","estudante de arquitetura e urbanismo","","unifacs","graduação","Não Possuo Vínculo Ativo com a UFBA","uso grasshopper há um ano, quero melhorar minhas habilidades","uma amiga que estuda na ufba","cad, rhino, lumion, grasshopper","photoshop, sony vegas","tenho facilidade em compreender. ja utilizei bastante C++"
"2019/05/02 1:25:30 PM GMT-3","carinesma.saj@hotmail.com","Carine dos Santos","1998-08-20","1637258020","07264384560","Rua Mãe  Menininha do Gantois, N°19","Salvador ","Bahia","71991338740","","","","","Estudante","Arquitetura e Urbanismo","FAUFBA","Graduação  em andamento ","Sim: Estudante - Graduação","Aprender uma linguagem de programação  para me aperfeiçoar  ainda mais para o mercado de trabalho. ","Pelo professor Fernando ","Possuo com  CAD e tenho aprendido  no revit","Estou aprendendo  a mexer no photoshop ","Sim, conheço  um pouco seu funcionamento,  já  me foi apresentando  o Java script."
"2019/05/03 11:16:19 AM GMT-3","engericlima@hotmail.com","Eric Oliveira de Lima","1985-06-25","0950290910","01391185510","Fazenda grande 3, quadra a, Cam 03, casa 10","Salvador","Bahia","71996999321","","","","","Engenheiro agrimensor e cartógrafo","Engenharia","4AC Engenharia","Engenheiro agrimensor e cartógrafo","Não Possuo Vínculo Ativo com a UFBA","Programação aplicada","Whatsapp","Sim, AutoCAD, qgis","Sim, CorelDRAW e outros","Sim, python, c, java"
"2019/05/03 5:09:02 PM GMT-3","kellvysouza@gmail.com","Kellvy Silva de Souza ","1992-04-17","1364708582","06221954509","Rua Jones Melo, Nº 69, Bairro Narandiba","Salvador","Bahia","(71) 99327-5099","","","","","Estudante ","Arquitetura e Urbanismo","UFBA","Graduação / UFBA","Sim: Estudante - Graduação","Tenho interesse na especulação da forma voltada para design de produtos e elementos arquitetônicos.","Através do e-mail ","CAD, SketchUp é um pouco de Revit","Não possuo","Não possuo"
"2019/05/03 6:53:38 PM GMT-3","gabriellaccorreia@gmail.com","Gabriella Costa Correia de Almeida","1997-05-13","13656020-28","01775224538","Rua 3 de maio, 22 Cosme de Farias
Casa","Salvador","BA","71991000384","","","","","Estudante","Arquitetura e Urbanismo ","UFBA","Graduação","Sim: Estudante - Graduação","Agregar conhecimentos sobre outras linguagens de programação","E-mail","Sim. AutoCAD, Sketchup + V-ray","Sim. Corel Draw e Adobe Photoshop","Javascript; C++; HTML"
"2019/05/03 7:25:48 PM GMT-3","anac_ns@hotmail.com","Ana  Cláudia Nunes de Santana","1989-10-20","0981438270","03977645527","R HERACLITO PIRES DE CARVALHO
25","SALVADOR","SOLTEIRO","71993126650","R HERACLITO PIRES DE CARVALHO
25","SALVADOR","SOLTEIRO","71993126650","Estudante","Arquitetura","UFBa","Graduanda em Arquitetura / UFBa","Sim: Estudante - Graduação","Expansão de conhecimento/ Aprimoramento.","E-mail de divulgação.","Sim, AutoCad.","Não.","Não."
"2019/05/03 8:33:35 PM GMT-3","carloseduardocost@hotmail.com","carlos eduardo reis da costa","2019-04-29","0867049901-Ba","83004980525","rua baixa dos gantois","salvador","bahia","71991321006","rua baixa dos gantois","salvador","bahia","71991321006","arquiteto","","carlos eduardo reios da costa","arquiteto e urbanista(recém-formado - FAUFBA)","Não Possuo Vínculo Ativo com a UFBA","Afinidade com programação","Informativos da FAUFBA","Sim(auto-cad, revit, archicad, qgis, arcgis, sketshup)","Não","Não, somente conhecimento em PHP, BASIC, JAVASCRIPT"
"2019/05/03 10:11:08 PM GMT-3","souzapriscilac@hotmail.com","Priscila Conceição de Souza","1992-04-26","1212035577 - SSP-BA","02526723566","Rua Guaratinga, Quadra 10, Lote 39","Salvador","Bahia","(75) 992-109-056","","","","","Estudante","","UFBA","Graduanda","Sim: Estudante - Graduação","Eu quis me aprofundar na área de lógica de programação após ver os resultados do ultimo curso realizado.","Pela divulgação da lista de email dos alunos de arquitetura.","AutoCAD e Sketchup.","Não.","Não."
"2019/05/04 1:16:45 AM GMT-3","cleitonmjs@gmail.com","Cleiton Marques de Jesus Souza","1995-12-14","1493035956 - BA","85800871558","Trav Osvaldo da Hora, nº 34","Salvador","Bahia","71982184017","","","","","Estudante","Arquitetura","Ufba","Graduação","Sim: Estudante - Graduação","Aprofundar meus estudos em modelagem","Email","AutoCad, Sketchup, Revit, Lumion","Photoshop, Illustrator, Premiere, Sony Vegas, Audacity","Não"
"2019/05/04 2:56:44 PM GMT-3","rebecamidiane@gmail.com","Rebeca Midiane Alves Gomes Lopes","2019-03-31","0886842026","05020319562","Alameda Praia de Cacha Pregos","Lauro de Freitas","Bahia","71999984905","BA 535, 991. Ceasa","Salvador","Bahia","7133462561","Arquiteto e Urbanista","Logistica","Correios","Especialização no Senai CIMATEC - Área Sustentabilidade. Curso Soluções e tecnologias ambientais.","Não Possuo Vínculo Ativo com a UFBA","Conhecimento em lógica de programação para agregar a profissão e ao meio acadêmico","Por e-mail de divulgação","Autocad, Revit e Lumion","Corel Draw, Photoshop, ArcGis, Qgis, etc.","Nenhuma. Fiz algumas aulas de Python, mas não utilizo na profissão ainda."
"2019/05/04 4:14:48 PM GMT-3","daniellestephanny2009@hotmail.com","Danielle Stéphanny Pereira de Alcântara","1996-12-03","33393214","10788373412","Av. General Graça Lessa, n 414. Bairro Acupe de Brotas. Edifício Valle Ville. Apt. 304.","Salvador","Bahia","(71)991162210","","","","","Estudante","Arquitetura e Urbanismo","UFBA","Graduação","Sim: Estudante - Graduação","Pareceu interessante e diferenciado. Eu já tive experiências anteriores com programação, porém há tempo não retorno a esses conhecimentos, acredito que será bom relembrar.","Por lista de emails da faculdade.","Sim, com o AutoCad e Revit.","Pouco com softwares de edição de imagem.","Já tive experiências com Java e C++, porém desaprendi pela falta de prática."
"2019/05/04 8:22:20 PM GMT-3","fernandesfabine@gmail.com","FABINE FERRAZ FERNANDES","1995-01-08","1472915503-BA","05917660514","Rua PARÁ 440
702b","Salvador","BA","7135066929","","","","","Estudante","Arquitetura","UFBA","Graduação - UFBA","Sim: Estudante - Graduação","Interesse em ampliar o meu repertório de estratégias projetuais e curiosidade com linguagem de programação.","E-mail de divulgação enviado pela FAUFBA","Sim! Cad e Render.","Sim. Photoshop, Illustrator, InDesign, Premiere...","Não."
"2019/05/04 11:07:57 PM GMT-3","ivanize.ssilva@gmail.com","Ivanize Claudia dos Santos e Silva","2019-04-29","2472733","45208573253","Rua Custódio Domingos dos Santos, 338","JOÃO PESSOA","PB","+5583996595443","Cidade Universitária - Campus I - UFPB","Joao Pessoa","PB","83996595443","Professor do Magistério Superior","Arquitetura","UFPB","Doutorado","Não Possuo Vínculo Ativo com a UFBA","A inserção da linguagem de programação para a resolução de problemas urbanos complexos.","Internet","CAD","ArcGIS","NÃO"
"2019/05/05 9:17:40 AM GMT-3","ramon-x0@hotmail.com","Ramon Ualas Souza Farias","1993-12-18","1438924950","05524804529","AV. Edgard Santos, nº 106 E, 1° andar, Bairro Saboeiro","Salvador","Bahia","(71)994019108","","","","","Arquiteto e Urbanista","Projetos / Construção / Reforma ","Autônomo ","Graduação","Não Possuo Vínculo Ativo com a UFBA","A vontade de aprender programação e poder aplicar na criação e análise da forma.","Através de e-mail.","Sim. AutoCAD, Revit, Sketchup e Lumion.","Sim. Fotografia e edição simples de som e vídeo","Não."
"2019/05/05 5:39:31 PM GMT-3","marcosass@ufba.br","Marcos Antônio de Souza Silva","1990-08-21","1289669473 - ssp/ba","03519127547","Travessa Isaías Alves de Almeida","Salvador ","Bahia","71992521304","","","","","Empreendedor ","Desenvolvimento de sistemas de informações georreferenciada","SSIG ","Bacharel em ciência da computação ","Sim: Estudante - Mestrado","O uso de python com CAD","Whatsapp ","Pouca com cad","Sim. Photoshop, inkscape, gimp, illustrator e edição de vídeos em sistemas linux","Sim. Trabalho com Python. "
"2019/05/05 5:39:59 PM GMT-3","biacfroes@hotmail.com","Beatriz Calderia Fróes","1998-02-17","1623638500 - BA","07247304510","Rua Manoel Andrade","Salvador","Bahia","(71) 9 9261-5577","","","","","Estudante","Arquitetura e Urbanismo","UFBA","Graduando na UFBA","Sim: Estudante - Graduação","Procuro me envolver nas mais diversas áreas da arquitetura.","Divulgação pelo e-mail ","CAD, e um pouco de REVIT e V-RAY","Sketchup, e um pouco do Corel","não."
"2019/05/05 10:43:54 PM GMT-3","ocanteantonio91@gmail.com","Ocante António Ié ","1991-12-25","G032552-R","86282279542","Rua Gamboa de Cima, n°02, Campo Gramde, Salvador-BA","Salvador ","Bahia ","71 992173134","Rua Gamboa de cima, n°02, -Campo Grande ","Salvador ","Bahia","71992173134","Estudanste ","Tecnologia ","UFBA ","Graduação ","Sim: Estudante - Graduação","Aperfeiçoar conhecimento e aprender lógica de programacao para criação.","Pelo Grupo de Whatsapp ","Não ","Sim.  Blender","Sim, conhecimento básico em C++"
"2019/05/06 2:01:39 AM GMT-3","santos.julieh@gmail.com","JULIETE BARROS DOS SANTOS","2019-05-01","1143064194","04277887570","Rua Professora Julieta Fahel Guimarães
21","Salvador","BA","71992791637","Rua Aristides Novis 123","Salvadores","BA","","Técnica de operações","Tecnologia","Rede bahia","Graduação/UFBA","Sim: Estudante - Graduação","Aplicação do conhecimento","Grupo de WhatsApp n","Não","Não","Sim"
"2019/05/06 11:27:19 PM GMT-3","andremeireles@outlook.com","André Meireles Barbosa","1986-08-02","1009794752","83808795549","alameda 70, casa 90","Salvador","Bahia","71993011094","","","","","+","Arquitetura","+","+","Sim: Estudante - Graduação","amadurecer o conhecimento de lógica através do grasshopper e rhinoceros","e-mail da faculdade de arquitetura","V-ray, Rhinoceros, DraftSight, Autocad, etc","Sony Vegas, Photoshop, SketchUp, Blender, Maya, etc.","Ruby, Shell, Python"
"2019/05/07 1:04:51 PM GMT-3","antonionetomartins@yahoo.com.br","Antonio Martins Moreira Neto","1984-07-04","809674262-ba","01001615530","rua rio amazonas,n. 23, Vila Laura","salvador","Bahia","71999020404","","","","","Estudante","","UFBA","Eng. Civil/ UFBA","Sim: Estudante - Graduação","O plano do curso","Um amigo","Sim. Autocad","Sim. Excel, lazarus, Revit","Sim. c, Pacal, Vba, c++, Visaul Basic, Java"
"2019/05/10 9:50:18 AM GMT-3","atahara@hotmail.com","Akemi Tahara","1978-12-16","0877137560","78037301591","Av Centenario 509 1204 Chame-Chame","Salvador","Bahia","999522331","","","","","Arquiteta e urbanista","","Ufba","Mestrado/Universidade de Mie","Sim: Professor","Lógica e Grasshoper","Email UFBA","CAD, BIM","ADOBE","não"